<?xml version="1.0" encoding="UTF-8" standalone="no"?><descriptor><date>Fri Nov 06 17:29:35 COT 2020</date><delimiter>;</delimiter><index>2</index><elements><element><column>0</column><csvname>FECHA DE EMISIÓN</csvname><name>FECHA DE EMISIÓN</name><type>FECHA</type><format>DD/MM/AAAA</format></element><element><column>1</column><csvname>HORA DE EMISIÓN</csvname><name>HORA DE EMISIÓN</name><type>HORA</type><format>HH:MM:SS</format></element><element><column>2</column><csvname>CÓDIGO</csvname><name>CÓDIGO</name><type>ALFANUMERICO</type></element><element><column>3</column><csvname>TIPO PERSONA</csvname><name>TIPO PERSONA</name><type>ALFANUMERICO</type></element><element><column>4</column><csvname>TIPO IDENTIFICACION</csvname><name>TIPO IDENTIFICACION</name><type>ALFANUMERICO</type></element><element><column>5</column><csvname>CLIENTE - NOMBRE</csvname><name>CLIENTE - NOMBRE</name><type>ALFANUMERICO</type></element><element><column>6</column><csvname>CLIENTE - IDENTIFICACIÓN</csvname><name>CLIENTE - IDENTIFICACIÓN</name><type>ALFANUMERICO</type></element><element><column>7</column><csvname>CLIENTE - DIRECCIÓN</csvname><name>CLIENTE - DIRECCIÓN</name><type>ALFANUMERICO</type></element><element><column>8</column><csvname>CLIENTE - TELÉFONO</csvname><name>CLIENTE - TELÉFONO</name><type>ALFANUMERICO</type></element><element><column>9</column><csvname>CLIENTE - CORREO</csvname><name>CLIENTE - CORREO</name><type>ALFANUMERICO</type></element><element><column>10</column><csvname>CLIENTE - CIUDAD</csvname><name>CLIENTE - CIUDAD</name><type>ALFANUMERICO</type></element><element><column>11</column><csvname>RESPONSABILIDADES</csvname><name>RESPONSABILIDADES</name><type>ALFANUMERICO</type></element><element><column>12</column><csvname>OBLIGACION</csvname><name>OBLIGACION</name><type>ALFANUMERICO</type></element><element><column>13</column><csvname>TRIBUTO</csvname><name>TRIBUTO</name><type>ALFANUMERICO</type></element><element><column>14</column><csvname>METODO</csvname><name>METODO</name><type>ALFANUMERICO</type></element><element><column>15</column><csvname>MEDIO</csvname><name>MEDIO</name><type>ALFANUMERICO</type></element><element><column>16</column><csvname>ÍTEM - NOMBRE</csvname><name>ÍTEM - NOMBRE</name><type>ALFANUMERICO</type></element><element><column>17</column><csvname>ÍTEM - REFERENCIA</csvname><name>ÍTEM - REFERENCIA</name><type>ALFANUMERICO</type></element><element><column>18</column><csvname>ÍTEM - DESCRIPCION</csvname><name>ÍTEM - DESCRIPCION</name><type>ALFANUMERICO</type></element><element><column>19</column><csvname>ÍTEM - CANTIDAD</csvname><name>ÍTEM - CANTIDAD</name><type>NUMERICO</type></element><element><column>20</column><csvname>ÍTEM - PRECIO UNI.</csvname><name>ÍTEM - PRECIO UNI.</name><type>NUMERICO</type></element><element><column>21</column><csvname>ÍTEM - IMPUESTO</csvname><name>ÍTEM - IMPUESTO</name><type>ALFANUMERICO</type></element><element><column>22</column><csvname>ÍTEM - IMPUESTO (%)</csvname><name>ÍTEM - IMPUESTO (%)</name><type>NUMERICO</type></element><element><column>23</column><csvname>ÍTEM - IMPUESTO (VALOR)</csvname><name>ÍTEM - IMPUESTO (VALOR)</name><type>NUMERICO</type></element><element><column>24</column><csvname>ÍTEM - TOTAL</csvname><name>ÍTEM - TOTAL</name><type>NUMERICO</type></element><element><column>25</column><csvname>SUBTOTAL - FACTURA DE VENTA</csvname><name>SUBTOTAL - FACTURA DE VENTA</name><type>NUMERICO</type></element><element><column>26</column><csvname>TOTAL - FACTURA DE VENTA</csvname><name>TOTAL - FACTURA DE VENTA</name><type>NUMERICO</type></element><element><column>27</column><csvname>ENVIOS - FECHA ENVIO</csvname><name>ENVIOS - FECHA ENVIO</name><type>FECHA</type><format>DD/MM/AAAA</format></element><element><column>28</column><csvname>ENVIOS - DEPARTAMENTO</csvname><name>ENVIOS - DEPARTAMENTO</name><type>ALFANUMERICO</type></element><element><column>29</column><csvname>ENVIOS - MUNICIPIO</csvname><name>ENVIOS - MUNICIPIO</name><type>ALFANUMERICO</type></element></elements></descriptor>