FECHA DE EMISIÓN;HORA DE EMISIÓN;CÓDIGO;TIPO PERSONA;TIPO IDENTIFICACION;CLIENTE - NOMBRE;CLIENTE - IDENTIFICACIÓN;CLIENTE - DIRECCIÓN;CLIENTE - TELÉFONO;CLIENTE - CORREO;CLIENTE - CIUDAD;RESPONSABILIDADES;OBLIGACION;TRIBUTO;METODO;MEDIO;ÍTEM - NOMBRE;ÍTEM - REFERENCIA;ÍTEM - DESCRIPCION;ÍTEM - CANTIDAD;ÍTEM - PRECIO UNI.;ÍTEM - DESCUENTO;ÍTEM - IMPUESTO;ÍTEM - IMPUESTO (%);ÍTEM - IMPUESTO (VALOR);ÍTEM - TOTAL;SUBTOTAL - FACTURA DE VENTA;TOTAL - FACTURA DE VENTA
27/10/2020;12:45:23;SETP990000070;nat;CC;CF;123456;;;;;NR;No;No;Contado;Efectivo;Portatil Asus 16 pulgadas;Asus 16;Portatil Asus 16 pulgadas;1;2000000;0;IVA;19;380000;2380000;2335000;2778650
27/10/2020;12:45:23;SETP990000070;nat;CC;CF;123456;;;;;NR;No;No;Contado;Efectivo;Control 360 inalambrico;360 inalambrico;Control 360 inalambrico;2;130000;0;IVA;19;49400;309400;2335000;2778650
27/10/2020;12:45:23;SETP990000070;nat;CC;CF;123456;;;;;NR;No;No;Contado;Efectivo;Diadema Trust zx123;Trust zx123;Diadema Trust zx123;1;75000;0;IVA;19;14250;89250;2335000;2778650
27/10/2020;14:34:54;SETP990000071;nat;CC;Sebastian Rodriguez;96784567;Carrera 16A 31 15;2450577;daniverde78945@gmail.com;Bogotá, D.C.;NR;No;No;Contado;Efectivo;Portatil Asus 16 pulgadas;Asus 16;Portatil Asus 16 pulgadas;1;2000000;0;IVA;19;380000;2380000;2000000;2380000
27/10/2020;16:45:00;SETP990000072;nat;CC;Jose Luis Galvis;12345678;Carrera 39C 74 15;7092586;daniverde789@hotmail.com;Bogotá, D.C.;NR;No;No;Contado;Efectivo;Cargador Pilas Beston;Cargador Pilas Beston;Cargador Pilas Beston;1;20000;0;IVA;19;3800;23800;150000;178500
27/10/2020;16:45:02;SETP990000072;nat;CC;Jose Luis Galvis;12345678;Carrera 39C 74 15;7092586;daniverde789@hotmail.com;Bogotá, D.C.;NR;No;No;Contado;Efectivo;Control 360 inalambrico;360 inalambrico;Control 360 inalambrico;1;130000;0;IVA;19;24700;154700;150000;178500
27/10/2020;18:23:35;SETP990000073;nat;CC;Sebastian Rodriguez;96784567;Carrera 16A 31 15;2450577;daniverde78945@gmail.com;Bogotá, D.C.;NR;No;No;Contado;Efectivo;Mouse trust z23;trust z23;Mouse trust z23;1;40000;0;IVA;19;7600;47600;2137000;2543030
27/10/2020;18:23:35;SETP990000073;nat;CC;Sebastian Rodriguez;96784567;Carrera 16A 31 15;2450577;daniverde78945@gmail.com;Bogotá, D.C.;NR;No;No;Contado;Efectivo;Portatil Asus 16 pulgadas;Asus 16;Portatil Asus 16 pulgadas;1;2000000;0;IVA;19;380000;2380000;2137000;2543030
27/10/2020;18:23:35;SETP990000073;nat;CC;Sebastian Rodriguez;96784567;Carrera 16A 31 15;2450577;daniverde78945@gmail.com;Bogotá, D.C.;NR;No;No;Contado;Efectivo;Diadema Trust zx123;Trust zx123;Diadema Trust zx123;1;75000;0;IVA;19;14250;89250;2137000;2543030
27/10/2020;18:23:35;SETP990000073;nat;CC;Sebastian Rodriguez;96784567;Carrera 16A 31 15;2450577;daniverde78945@gmail.com;Bogotá, D.C.;NR;No;No;Contado;Efectivo;USB Kingston 16GB;USB KS 16GB;USB Kingston 16GB;1;22000;0;IVA;19;4180;26180;2137000;2543030
27/10/2020;10:00:00;SETP990000074;nat;CC;Jose Luis Galvis;12345678;Carrera 39C 74 15;7092586;daniverde789@hotmail.com;Bogotá, D.C.;NR;No;No;Contado;Efectivo;Control 360 inalambrico;360 inalambrico;Control 360 inalambrico;1;130000;0;IVA;19;24700;154700;225000;267750
27/10/2020;10:00:00;SETP990000074;nat;CC;Jose Luis Galvis;12345678;Carrera 39C 74 15;7092586;daniverde789@hotmail.com;Bogotá, D.C.;NR;No;No;Contado;Efectivo;Cargador Pilas Beston;Cargador Pilas Beston;Cargador Pilas Beston;1;20000;0;IVA;19;3800;23800;225000;267750
27/10/2020;10:00:00;SETP990000074;nat;CC;Jose Luis Galvis;12345678;Carrera 39C 74 15;7092586;daniverde789@hotmail.com;Bogotá, D.C.;NR;No;No;Contado;Efectivo;Diadema Trust zx123;Trust zx123;Diadema Trust zx123;1;75000;0;IVA;19;14250;89250;225000;267750
27/10/2020;11:11:11;SETP990000075;nat;CC;Jaime Santana Santana;12457896;Carrera 78C 29 15;7363636;jaime_12_03@hotmail.com;Bogotá, D.C.;NR;No;No;Contado;Efectivo;USB Kingston 16GB;USB KS 16GB;USB Kingston 16GB;4;22000;0;IVA;19;16720;104720;648000;771120
27/10/2020;11:11:11;SETP990000075;nat;CC;Jaime Santana Santana;12457896;Carrera 78C 29 15;7363636;jaime_12_03@hotmail.com;Bogotá, D.C.;NR;No;No;Contado;Efectivo;Control 360 inalambrico;360 inalambrico;Control 360 inalambrico;4;130000;0;IVA;19;98800;618800;648000;771120
27/10/2020;11:11:11;SETP990000075;nat;CC;Jaime Santana Santana;12457896;Carrera 78C 29 15;7363636;jaime_12_03@hotmail.com;Bogotá, D.C.;NR;No;No;Contado;Efectivo;Cargador Pilas Beston;Cargador Pilas Beston;Cargador Pilas Beston;2;20000;0;IVA;19;7600;47600;648000;771120
27/10/2020;14:34:54;SETP990000077;nat;CC;Mercedes Moreno;96010102;Carrera 16A 30 14;2589631;daamorenor@gmail.com;Bogotá, D.C.;NR;No;No;Contado;Efectivo;Portatil Asus 16 pulgadas;Asus 16;Portatil Asus 16 pulgadas;1;2000000;0;IVA;19;380000;2380000;2000000;2380000
