FECHA DE EMISIÓN;HORA DE EMISIÓN;CÓDIGO;TIPO PERSONA;TIPO IDENTIFICACION;CLIENTE - NOMBRE;CLIENTE - IDENTIFICACIÓN;CLIENTE - DIRECCIÓN;CLIENTE - TELÉFONO;CLIENTE - CORREO;CLIENTE - CIUDAD;RESPONSABILIDADES;OBLIGACION;TRIBUTO;METODO;MEDIO;ÍTEM - NOMBRE;ÍTEM - REFERENCIA;ÍTEM - DESCRIPCION;ÍTEM - CANTIDAD;ÍTEM - PRECIO UNI.;ÍTEM - IMPUESTO;ÍTEM - IMPUESTO (%);ÍTEM - IMPUESTO (VALOR);ÍTEM - TOTAL;SUBTOTAL - FACTURA DE VENTA;TOTAL - FACTURA DE VENTA;CLIENTE - DEPARTAMENTO FISCAL;CLIENTE - CIUDAD FISCAL;LEGAL - NOMBRE;LEGAL - TIPO IDENTIFICACION;LEGAL - IDENTIFICACION
27/10/2020;12:45:23;SETP990000070;nat;CC;CF;123456;;;;;NR;No;No;Contado;Efectivo;Portatil Asus 16 pulgadas;Asus 16;Portatil Asus 16 pulgadas;1;2000000;IVA;19;380000;2380000;2335000;2778650;;;;;
27/10/2020;12:45:23;SETP990000070;nat;CC;CF;123456;;;;;NR;No;No;Contado;Efectivo;Control 360 inalambrico;360 inalambrico;Control 360 inalambrico;2;130000;IVA;19;49400;309400;2335000;2778650;;;;;
27/10/2020;12:45:23;SETP990000070;nat;CC;CF;123456;;;;;NR;No;No;Contado;Efectivo;Diadema Trust zx123;Trust zx123;Diadema Trust zx123;1;75000;IVA;19;14250;89250;2335000;2778650;;;;;
27/10/2020;16:45:00;SETP990000072;jur;NIT;Jose Luis Galvis;12345678;Carrera 39C 74 15;7092586;daniverde789@hotmail.com;Bogotá, D.C.;NR;No;No;Contado;Efectivo;Cargador Pilas Beston;Cargador Pilas Beston;Cargador Pilas Beston;1;20000;IVA;19;3800;23800;150000;178500;Bogotá;Bogotá, D.C.;Jose Luis Galvis;NIT;12345678
27/10/2020;16:45:02;SETP990000072;jur;NIT;Jose Luis Galvis;12345678;Carrera 39C 74 15;7092586;daniverde789@hotmail.com;Bogotá, D.C.;NR;No;No;Contado;Efectivo;Control 360 inalambrico;360 inalambrico;Control 360 inalambrico;1;130000;IVA;19;24700;154700;150000;178500;Bogotá;Bogotá, D.C.;Jose Luis Galvis;NIT;12345678
